-- 三下乡活动管理系统 - 完整闭环测试数据
-- 执行: mysql -u root -p123456 sxs_db < test_data.sql

SET FOREIGN_KEY_CHECKS = 0;
SET NAMES utf8mb4;

-- ========================================
-- 1. 清空现有数据
-- ========================================
TRUNCATE TABLE evaluation_score;
TRUNCATE TABLE evaluation_project;
TRUNCATE TABLE evaluation;
TRUNCATE TABLE notice_read;
TRUNCATE TABLE notice_attachment;
TRUNCATE TABLE notice;
TRUNCATE TABLE user_favorite;
TRUNCATE TABLE result_attachment;
TRUNCATE TABLE result_image;
TRUNCATE TABLE result;
TRUNCATE TABLE progress_comment;
TRUNCATE TABLE progress_image;
TRUNCATE TABLE progress;
TRUNCATE TABLE approval_record;
TRUNCATE TABLE project_attachment;
TRUNCATE TABLE project_member;
TRUNCATE TABLE project;
TRUNCATE TABLE sys_user;
TRUNCATE TABLE sys_college;

SET FOREIGN_KEY_CHECKS = 1;

-- ========================================
-- 2. 学院数据
-- ========================================
INSERT INTO sys_college (id, name, code, sort, status) VALUES
(1, '经济管理学院', 'JG', 1, 1),
(2, '教育学院', 'JY', 2, 1),
(3, '马克思主义学院', 'MKS', 3, 1),
(4, '农学院', 'NX', 4, 1),
(5, '信息工程学院', 'XX', 5, 1),
(6, '医学院', 'YX', 6, 1);

-- ========================================
-- 3. 用户数据 (密码: 123456)
-- ========================================
-- 密码hash: $2a$10$Kew/o4nig07fv7Uh1.3.LOdny5ho945jGH2RDPgKDn8A8LEH87EEi
INSERT INTO sys_user (id, username, password, real_name, phone, email, role, college_id, status) VALUES
-- 学生账号
(1, '2021001', '$2a$10$Kew/o4nig07fv7Uh1.3.LOdny5ho945jGH2RDPgKDn8A8LEH87EEi', '张三', '13800000001', 'zhangsan@edu.cn', 'student', 1, 1),
(2, '2021002', '$2a$10$Kew/o4nig07fv7Uh1.3.LOdny5ho945jGH2RDPgKDn8A8LEH87EEi', '李四', '13800000002', 'lisi@edu.cn', 'student', 1, 1),
(3, '2021003', '$2a$10$Kew/o4nig07fv7Uh1.3.LOdny5ho945jGH2RDPgKDn8A8LEH87EEi', '王五', '13800000003', 'wangwu@edu.cn', 'student', 2, 1),
(4, '2021004', '$2a$10$Kew/o4nig07fv7Uh1.3.LOdny5ho945jGH2RDPgKDn8A8LEH87EEi', '赵六', '13800000004', 'zhaoliu@edu.cn', 'student', 3, 1),
(5, '2021005', '$2a$10$Kew/o4nig07fv7Uh1.3.LOdny5ho945jGH2RDPgKDn8A8LEH87EEi', '钱七', '13800000005', 'qianqi@edu.cn', 'student', 4, 1),
-- 指导教师
(6, 'T001', '$2a$10$Kew/o4nig07fv7Uh1.3.LOdny5ho945jGH2RDPgKDn8A8LEH87EEi', '李教授', '13800000006', 'liprof@edu.cn', 'teacher', 1, 1),
(7, 'T002', '$2a$10$Kew/o4nig07fv7Uh1.3.LOdny5ho945jGH2RDPgKDn8A8LEH87EEi', '王教授', '13800000007', 'wangprof@edu.cn', 'teacher', 2, 1),
(8, 'T003', '$2a$10$Kew/o4nig07fv7Uh1.3.LOdny5ho945jGH2RDPgKDn8A8LEH87EEi', '陈教授', '13800000008', 'chenprof@edu.cn', 'teacher', 3, 1),
-- 学院管理员
(9, 'CA001', '$2a$10$Kew/o4nig07fv7Uh1.3.LOdny5ho945jGH2RDPgKDn8A8LEH87EEi', '经管院管理员', '13800000009', 'ca001@edu.cn', 'college_admin', 1, 1),
(10, 'CA002', '$2a$10$Kew/o4nig07fv7Uh1.3.LOdny5ho945jGH2RDPgKDn8A8LEH87EEi', '教育院管理员', '13800000010', 'ca002@edu.cn', 'college_admin', 2, 1),
(11, 'CA003', '$2a$10$Kew/o4nig07fv7Uh1.3.LOdny5ho945jGH2RDPgKDn8A8LEH87EEi', '马院管理员', '13800000011', 'ca003@edu.cn', 'college_admin', 3, 1),
-- 校级管理员
(12, 'admin', '$2a$10$Kew/o4nig07fv7Uh1.3.LOdny5ho945jGH2RDPgKDn8A8LEH87EEi', '系统管理员', '13800000012', 'admin@edu.cn', 'school_admin', NULL, 1),
-- 评审专家
(13, 'E001', '$2a$10$Kew/o4nig07fv7Uh1.3.LOdny5ho945jGH2RDPgKDn8A8LEH87EEi', '张专家', '13800000013', 'expert1@edu.cn', 'expert', NULL, 1),
(14, 'E002', '$2a$10$Kew/o4nig07fv7Uh1.3.LOdny5ho945jGH2RDPgKDn8A8LEH87EEi', '李专家', '13800000014', 'expert2@edu.cn', 'expert', NULL, 1),
(15, 'E003', '$2a$10$Kew/o4nig07fv7Uh1.3.LOdny5ho945jGH2RDPgKDn8A8LEH87EEi', '王专家', '13800000015', 'expert3@edu.cn', 'expert', NULL, 1);

-- ========================================
-- 4. 项目数据 (覆盖各种状态)
-- ========================================
INSERT INTO project (id, project_no, title, category, description, target_area, start_date, end_date, budget, leader_id, teacher_id, college_id, status, reject_reason, is_excellent) VALUES
-- 已完成全流程的项目 (approved -> 有进度 -> 有成果 -> 已评优)
(1, 'SXS2025001', '乡村振兴调研实践', '乡村振兴', '深入农村基层，调研乡村振兴战略实施情况，了解农村发展现状与需求，为乡村振兴提供智力支持。', '湖南省长沙市望城区', '2025-07-01', '2025-07-15', 5000.00, 1, 6, 1, 'approved', NULL, 1),
-- 已通过审批，正在进行中
(2, 'SXS2025002', '支教助学志愿服务', '支教助学', '前往贵州山区开展为期两周的支教活动，为当地儿童提供教育帮助，传递知识与爱心。', '贵州省遵义市习水县', '2025-07-10', '2025-07-24', 8000.00, 3, 7, 2, 'approved', NULL, 0),
-- 学院已审，待校级审批
(3, 'SXS2025003', '红色文化寻访', '红色文化', '追寻革命先辈足迹，探访井冈山革命根据地，传承红色基因，弘扬革命精神。', '江西省吉安市井冈山', '2025-07-05', '2025-07-12', 6000.00, 4, 8, 3, 'college_approved', NULL, 0),
-- 待学院审批
(4, 'SXS2025004', '科技支农服务', '科技支农', '运用所学农业知识，帮助农民解决生产中的技术问题，推广现代农业技术。', '湖南省衡阳市衡东县', '2025-07-15', '2025-07-25', 4500.00, 5, 6, 4, 'pending', NULL, 0),
(5, 'SXS2025005', '医疗卫生下乡', '医疗卫生', '组织医学生深入农村开展健康义诊、卫生宣教活动。', '湖南省邵阳市新邵县', '2025-07-20', '2025-07-30', 7000.00, 2, 7, 6, 'pending', NULL, 0),
-- 被驳回的项目
(6, 'SXS2025006', '法律援助进社区', '法律援助', '为社区居民提供法律咨询服务，普及法律知识。', '湖南省长沙市岳麓区', '2025-08-01', '2025-08-10', 3000.00, 1, 6, 1, 'rejected', '项目计划不够详细，请补充具体实施方案后重新提交', 0);

-- ========================================
-- 5. 项目成员
-- ========================================
INSERT INTO project_member (project_id, user_id, role, responsibility) VALUES
-- 项目1成员
(1, 1, 'leader', '项目统筹、报告撰写'),
(1, 2, 'member', '数据收集、问卷调查'),
(1, 3, 'member', '访谈记录、资料整理'),
-- 项目2成员
(2, 3, 'leader', '教学组织、课程设计'),
(2, 4, 'member', '语文教学'),
(2, 5, 'member', '数学教学'),
-- 项目3成员
(3, 4, 'leader', '活动策划、文案撰写'),
(3, 1, 'member', '摄影摄像'),
(3, 2, 'member', '资料收集'),
-- 项目4成员
(4, 5, 'leader', '技术指导'),
(4, 3, 'member', '农技推广'),
-- 项目5成员
(5, 2, 'leader', '义诊组织'),
(5, 1, 'member', '健康宣教'),
-- 项目6成员
(6, 1, 'leader', '法律咨询'),
(6, 2, 'member', '普法宣传');

-- ========================================
-- 6. 审批记录
-- ========================================
INSERT INTO approval_record (project_id, approver_id, approval_level, action, opinion, created_at) VALUES
-- 项目1审批记录 (完整通过)
(1, 9, 'college', 'approve', '项目计划详实，团队配置合理，同意推荐校级审批。', '2025-06-10 10:30:00'),
(1, 12, 'school', 'approve', '项目主题契合乡村振兴战略，批准立项，拨付经费5000元。', '2025-06-12 14:20:00'),
-- 项目2审批记录 (完整通过)
(2, 10, 'college', 'approve', '支教计划安排合理，指导教师经验丰富，同意推荐。', '2025-06-15 09:00:00'),
(2, 12, 'school', 'approve', '批准立项，注意学生安全保障。', '2025-06-16 16:00:00'),
-- 项目3审批记录 (学院已审)
(3, 11, 'college', 'approve', '红色文化主题鲜明，建议加强与当地纪念馆的联系。', '2025-06-18 11:00:00'),
-- 项目6审批记录 (被驳回)
(6, 9, 'college', 'reject', '项目计划不够详细，请补充具体实施方案后重新提交。', '2025-06-20 15:30:00');

-- ========================================
-- 7. 进度记录 (项目1和项目2)
-- ========================================
INSERT INTO progress (id, project_id, title, content, progress_date, location, creator_id, created_at) VALUES
-- 项目1进度
(1, 1, '团队出发与对接', '今日团队全体成员从学校出发，经过3小时车程抵达望城区。下午与当地村委会进行了对接，了解了村庄基本情况，包括人口结构、产业分布、收入来源等。村支书热情接待了我们，并安排了住宿。晚上召开团队会议，制定了详细的调研计划。', '2025-07-01', '望城区靖港镇', 1, '2025-07-01 20:00:00'),
(2, 1, '入户走访第一天', '今日开始入户走访调研。上午走访了5户农家，了解他们的生产生活情况。下午进行问卷调查，收集了20份有效问卷。村民们对乡村振兴政策普遍持积极态度，但也反映了一些实际困难，如农产品销售渠道单一、年轻劳动力外流等问题。', '2025-07-03', '望城区靖港镇复胜村', 1, '2025-07-03 19:30:00'),
(3, 1, '深度访谈与座谈', '上午对村里的种植大户和养殖户进行了深度访谈，了解他们的经营模式和发展困境。下午参加了村委会组织的座谈会，与村干部、党员代表、村民代表进行了交流。收获很大，对乡村振兴的实际情况有了更深入的认识。', '2025-07-05', '望城区靖港镇复胜村', 2, '2025-07-05 21:00:00'),
(4, 1, '数据整理与初步分析', '今日主要进行数据整理工作。对收集的50份问卷进行了录入和初步统计分析，整理了访谈记录。初步发现：1）90%的村民支持乡村振兴政策；2）60%的家庭主要收入来源是外出务工；3）农产品销售是最大的困难。', '2025-07-08', '望城区靖港镇', 1, '2025-07-08 18:00:00'),
(5, 1, '调研报告撰写', '开始撰写调研报告。完成了报告的框架设计和第一部分"调研背景与方法"的撰写。同时整理了调研期间拍摄的照片和视频素材，为后续成果展示做准备。', '2025-07-12', '望城区靖港镇', 1, '2025-07-12 22:00:00'),
-- 项目2进度
(6, 2, '抵达支教点', '经过8小时的长途跋涉，团队终于抵达贵州省习水县土城镇中心小学。学校条件比较简陋，但孩子们的热情让我们深受感动。与校长进行了对接，了解了学生情况，共有120名学生，分为6个年级。晚上制定了详细的教学计划。', '2025-07-10', '贵州省习水县土城镇', 3, '2025-07-10 21:00:00'),
(7, 2, '正式开课第一天', '今天正式开始支教活动。上午为三四年级学生上了语文课，讲解了古诗词鉴赏；下午为五六年级上了数学课，复习了分数运算。孩子们学习热情很高，课堂互动积极。课后还组织了趣味运动会，增进了与学生的感情。', '2025-07-11', '贵州省习水县土城镇中心小学', 3, '2025-07-11 20:30:00'),
(8, 2, '兴趣课程开展', '今日开设了美术、音乐、科学实验等兴趣课程。美术课上教孩子们画家乡的风景，音乐课教唱了《我和我的祖国》，科学课做了简单的物理小实验。孩子们对这些课程非常感兴趣，很多是他们第一次接触。', '2025-07-15', '贵州省习水县土城镇中心小学', 4, '2025-07-15 19:00:00');

-- ========================================
-- 8. 进度图片
-- ========================================
INSERT INTO progress_image (progress_id, image_url, sort) VALUES
(1, '/uploads/progress/p1_1.jpg', 1),
(1, '/uploads/progress/p1_2.jpg', 2),
(2, '/uploads/progress/p2_1.jpg', 1),
(2, '/uploads/progress/p2_2.jpg', 2),
(2, '/uploads/progress/p2_3.jpg', 3),
(3, '/uploads/progress/p3_1.jpg', 1),
(4, '/uploads/progress/p4_1.jpg', 1),
(5, '/uploads/progress/p5_1.jpg', 1),
(6, '/uploads/progress/p6_1.jpg', 1),
(6, '/uploads/progress/p6_2.jpg', 2),
(7, '/uploads/progress/p7_1.jpg', 1),
(7, '/uploads/progress/p7_2.jpg', 2),
(8, '/uploads/progress/p8_1.jpg', 1);

-- ========================================
-- 9. 进度评论
-- ========================================
INSERT INTO progress_comment (progress_id, user_id, content, created_at) VALUES
(1, 6, '出发顺利，注意与当地的沟通方式，尊重当地风俗习惯。', '2025-07-01 22:00:00'),
(2, 6, '问卷设计很好，注意样本的代表性，可以多走访一些不同类型的农户。', '2025-07-03 21:00:00'),
(3, 6, '座谈会组织得很好，建议把村民反映的问题分类整理，便于后续分析。', '2025-07-06 10:00:00'),
(4, 6, '数据分析思路清晰，建议增加一些交叉分析，如不同年龄段村民的态度差异。', '2025-07-09 09:00:00'),
(6, 7, '辛苦了！注意休息，保重身体。教学计划安排得很合理。', '2025-07-10 23:00:00'),
(7, 7, '课堂效果很好，建议多采用互动式教学，激发学生的学习兴趣。', '2025-07-12 08:00:00'),
(8, 7, '兴趣课程开展得很成功，这对山区孩子来说是很宝贵的体验。', '2025-07-15 21:00:00');

-- ========================================
-- 10. 成果数据
-- ========================================
INSERT INTO result (id, project_id, title, category, description, cover_url, content, creator_id, view_count, status, created_at) VALUES
(1, 1, '望城区乡村振兴调研报告', '调研报告', '本报告基于为期两周的实地调研，深入分析了望城区乡村振兴战略实施情况。', '/uploads/results/cover1.jpg', 
'# 望城区乡村振兴调研报告

## 一、调研背景
乡村振兴战略是党的十九大提出的重大战略部署。为深入了解基层实施情况，我们团队于2025年7月赴湖南省长沙市望城区开展了为期两周的实地调研。

## 二、调研方法
- 问卷调查：发放问卷60份，回收有效问卷50份
- 深度访谈：访谈农户20户、村干部5人、种养大户3人
- 座谈会：召开村民座谈会2次

## 三、主要发现
### 3.1 积极成效
1. 农村基础设施明显改善，道路硬化率达95%
2. 特色农业产业初具规模，形成了蔬菜、水果两大主导产业
3. 乡村旅游蓬勃发展，年接待游客超10万人次

### 3.2 存在问题
1. 农村空心化现象仍较严重，常住人口以老人儿童为主
2. 农产品销售渠道单一，主要依赖传统批发市场
3. 乡村文化建设相对滞后

## 四、对策建议
1. 加大人才引进力度，出台返乡创业优惠政策
2. 发展农村电商，拓宽农产品销售渠道
3. 挖掘乡村文化资源，打造特色文化品牌

## 五、结语
乡村振兴任重道远，需要政府、社会、村民共同努力。', 
1, 256, 'published', '2025-07-20 10:00:00'),

(2, 2, '山区支教实践纪实', '实践纪实', '记录在贵州山区开展支教活动的全过程，展现当代大学生的责任与担当。', '/uploads/results/cover2.jpg',
'# 山区支教实践纪实

## 前言
2025年7月，我们团队前往贵州省习水县土城镇中心小学开展了为期两周的支教活动。这是一次难忘的经历，让我们深刻体会到了教育的力量和青年的责任。

## 支教日记摘录

### 7月10日 初到土城
经过8小时的颠簸，我们终于到达了目的地。学校坐落在山坳里，条件简陋但干净整洁。孩子们用好奇而期待的眼神看着我们，那一刻，我们知道这趟旅程意义非凡。

### 7月15日 兴趣课堂
今天的美术课上，我让孩子们画"我的家乡"。一个叫小明的男孩画了连绵的青山和蜿蜒的小路，他说："老师，这是我每天上学走的路，要走一个小时。"我的眼眶湿润了。

## 收获与感悟
这次支教让我们收获了太多：孩子们的纯真笑容、村民的淳朴热情、以及对教育公平的深刻思考。我们播下的或许只是一颗小小的种子，但我们相信，它终将生根发芽。',
3, 189, 'published', '2025-07-28 14:00:00');

-- ========================================
-- 11. 成果附件
-- ========================================
INSERT INTO result_attachment (result_id, file_name, file_url, file_size, file_type) VALUES
(1, '望城区乡村振兴调研报告.pdf', '/uploads/results/report1.pdf', 2621440, 'pdf'),
(1, '调研数据分析.xlsx', '/uploads/results/data1.xlsx', 1048576, 'xlsx'),
(1, '调研问卷模板.docx', '/uploads/results/questionnaire.docx', 524288, 'docx'),
(2, '支教实践报告.pdf', '/uploads/results/report2.pdf', 3145728, 'pdf'),
(2, '教学设计方案.docx', '/uploads/results/teaching_plan.docx', 786432, 'docx'),
(2, '支教活动视频.mp4', '/uploads/results/video1.mp4', 52428800, 'mp4');

-- ========================================
-- 12. 通知公告
-- ========================================
INSERT INTO notice (id, title, type, content, summary, source, publisher_id, is_top, view_count, status, publish_time, created_at) VALUES
(1, '关于开展2025年暑期"三下乡"社会实践活动的通知', 'activity', 
'各学院：

为深入学习贯彻习近平新时代中国特色社会主义思想，引导和帮助广大青年学生在社会实践中受教育、长才干、作贡献，现就2025年暑期"三下乡"社会实践活动有关事项通知如下：

一、活动主题
青春为中国式现代化挺膺担当

二、活动时间
2025年7月1日—8月31日

三、重点方向
1. 乡村振兴促进团
2. 发展成就观察团
3. 红色基因传承团
4. 教育关爱服务团
5. 科技支农帮扶团

四、申报要求
1. 每支团队5-10人，必须有1名指导教师
2. 活动时间不少于7天
3. 需提交详细的活动方案和预算

五、申报流程
1. 团队负责人在系统中提交申报材料
2. 学院审核推荐
3. 学校审批立项
4. 公布立项名单

六、经费支持
校级重点团队：5000-10000元
校级一般团队：3000-5000元

请各学院高度重视，广泛动员，认真组织，确保活动取得实效。

校团委
2025年6月1日', 
'2025年暑期三下乡社会实践活动开始申报，请各团队积极准备材料。', '校团委', 12, 1, 520, 'published', '2025-06-01 09:00:00', '2025-06-01 08:30:00'),

(2, '关于延长项目申报截止时间的通知', 'activity',
'各位同学：

根据各学院反馈，为让更多团队有充足时间准备申报材料，经研究决定，2025年暑期"三下乡"项目申报截止时间延长至6月20日24:00。

请尚未提交的团队抓紧时间完成申报，逾期不再受理。

校团委
2025年6月10日',
'项目申报截止时间延长至6月20日，请抓紧提交。', '校团委', 12, 0, 328, 'published', '2025-06-10 14:00:00', '2025-06-10 13:30:00'),

(3, '关于提交活动成果材料的通知', 'result',
'各实践团队：

2025年暑期"三下乡"社会实践活动已进入收尾阶段，请各团队于活动结束后一周内提交以下成果材料：

一、必交材料
1. 实践报告（不少于5000字）
2. 活动照片（不少于20张，含团队合影）
3. 活动视频（3-5分钟）

二、选交材料
1. 调研报告
2. 媒体报道截图
3. 其他支撑材料

三、提交方式
登录系统，在"成果管理"模块提交。

四、评优说明
学校将根据成果材料质量评选优秀团队和优秀个人，优秀成果将在校园网展示。

校团委
2025年7月15日',
'请各团队于活动结束后一周内提交成果材料。', '校团委', 12, 1, 412, 'published', '2025-07-15 10:00:00', '2025-07-15 09:30:00'),

(4, '2025年暑期"三下乡"立项名单公示', 'activity',
'各学院：

经学院推荐、学校审核，2025年暑期"三下乡"社会实践活动共立项团队42支，其中校级重点团队10支、校级一般团队32支。现将名单公示如下：

一、校级重点团队（10支）
1. 经济管理学院"乡村振兴调研实践"团队
2. 教育学院"支教助学志愿服务"团队
...（略）

二、校级一般团队（32支）
...（略）

公示期：2025年6月25日—6月27日
如有异议，请于公示期内向校团委反映。

校团委
2025年6月25日',
'2025年暑期三下乡立项名单公示，共42支团队获批立项。', '校团委', 12, 0, 689, 'published', '2025-06-25 09:00:00', '2025-06-25 08:30:00'),

(5, '关于开展2025年"三下乡"优秀成果评选的通知', 'evaluation',
'各学院、各实践团队：

为总结2025年暑期"三下乡"社会实践活动成果，表彰先进，学校决定开展优秀成果评选工作。现将有关事项通知如下：

一、评选类别
1. 优秀团队：一等奖5个、二等奖10个、三等奖15个
2. 优秀个人：30名
3. 优秀指导教师：10名

二、评选标准
1. 活动主题鲜明，契合时代要求
2. 组织实施规范，过程记录完整
3. 成果质量较高，社会反响良好

三、评选流程
1. 团队提交成果材料
2. 专家评审打分
3. 公示评选结果

四、时间安排
材料提交：8月1日—8月15日
专家评审：8月16日—8月25日
结果公示：8月26日—8月28日

校团委
2025年8月1日',
'2025年三下乡优秀成果评选工作启动，请各团队积极参与。', '校团委', 12, 1, 356, 'published', '2025-08-01 09:00:00', '2025-08-01 08:30:00');

-- ========================================
-- 13. 通知附件
-- ========================================
INSERT INTO notice_attachment (notice_id, file_name, file_url, file_size, file_type) VALUES
(1, '2025年三下乡活动方案.pdf', '/uploads/notices/plan2025.pdf', 1048576, 'pdf'),
(1, '项目申报书模板.docx', '/uploads/notices/template.docx', 524288, 'docx'),
(3, '成果材料清单.xlsx', '/uploads/notices/checklist.xlsx', 262144, 'xlsx'),
(5, '评选细则.pdf', '/uploads/notices/rules.pdf', 786432, 'pdf');

-- ========================================
-- 14. 通知已读记录
-- ========================================
INSERT INTO notice_read (notice_id, user_id, read_time) VALUES
(1, 1, '2025-06-01 10:00:00'),
(1, 2, '2025-06-01 11:00:00'),
(1, 3, '2025-06-02 09:00:00'),
(1, 4, '2025-06-02 14:00:00'),
(1, 5, '2025-06-03 08:00:00'),
(2, 1, '2025-06-10 15:00:00'),
(2, 3, '2025-06-10 16:00:00'),
(3, 1, '2025-07-15 11:00:00'),
(4, 1, '2025-06-25 10:00:00'),
(4, 3, '2025-06-25 11:00:00');

-- ========================================
-- 15. 评优活动
-- ========================================
INSERT INTO evaluation (id, title, year, description, start_time, end_time, status) VALUES
(1, '2025年暑期"三下乡"优秀成果评选', 2025, '评选2025年暑期社会实践活动中表现突出的团队和个人', '2025-08-16 00:00:00', '2025-08-25 23:59:59', 'ongoing');

-- ========================================
-- 16. 评优项目关联
-- ========================================
INSERT INTO evaluation_project (evaluation_id, project_id) VALUES
(1, 1),
(1, 2);

-- ========================================
-- 17. 评优评分
-- ========================================
INSERT INTO evaluation_score (evaluation_id, project_id, expert_id, score_innovation, score_practice, score_effect, score_report, total_score, comment, created_at) VALUES
-- 项目1的评分
(1, 1, 13, 23.5, 24.0, 22.5, 22.0, 92.0, '调研深入，报告质量高，数据分析详实，建议优秀。', '2025-08-18 10:00:00'),
(1, 1, 14, 22.0, 23.5, 21.0, 21.5, 88.0, '整体不错，创新性可以再加强，建议增加对比分析。', '2025-08-18 14:00:00'),
(1, 1, 15, 24.0, 24.5, 23.0, 23.5, 95.0, '优秀的调研报告，对乡村振兴有很好的参考价值。', '2025-08-19 09:00:00'),
-- 项目2的评分
(1, 2, 13, 22.0, 25.0, 24.0, 20.0, 91.0, '支教活动组织有序，对学生帮助很大，值得推广。', '2025-08-18 11:00:00'),
(1, 2, 14, 21.5, 24.0, 23.5, 19.5, 88.5, '实践效果好，但报告撰写可以更规范。', '2025-08-18 15:00:00');

-- ========================================
-- 完成提示
-- ========================================
SELECT '✅ 测试数据插入完成！' AS message;
SELECT '' AS '';
SELECT '📋 测试账号（密码均为 123456）：' AS message;
SELECT '   学生: 2021001(张三), 2021002(李四), 2021003(王五), 2021004(赵六), 2021005(钱七)' AS accounts;
SELECT '   教师: T001(李教授), T002(王教授), T003(陈教授)' AS accounts;
SELECT '   学院管理员: CA001(经管院), CA002(教育院), CA003(马院)' AS accounts;
SELECT '   校级管理员: admin' AS accounts;
SELECT '   评审专家: E001(张专家), E002(李专家), E003(王专家)' AS accounts;
SELECT '' AS '';
SELECT '📊 数据概览：' AS message;
SELECT '   - 6个学院, 15个用户' AS data;
SELECT '   - 6个项目(各种状态), 8条进度记录' AS data;
SELECT '   - 2个成果, 5条通知公告' AS data;
SELECT '   - 1个评优活动, 5条评分记录' AS data;
